customer_id,customer_name,email,phone,zone_id
1,Michelle Morales,christian29@yahoo.com,+1-894-627-7682,5
2,Tanya Randall,hwilliams@yahoo.com,+1-613-144-0432x597,3
3,Alicia Saunders,lisareyes@hotmail.com,(041)538-7857,5
4,Heather Brown,jcunningham@yahoo.com,812-146-6377,3
5,Richard Sanchez,johnsmith@hotmail.com,(245)016-8955x734,5
6,Whitney Kim,lorithompson@oconnor.com,968-898-4431,2
7,Helen Ramirez,dorothyhill@thompson-oliver.biz,001-016-805-2477x123,3
8,Marc Gonzalez,wsosa@banks.com,001-198-425-8034x54735,2
9,Nicholas Cruz,ronald71@miller.org,+1-868-718-0043x45682,5
10,John Brown,cookjill@gmail.com,018-520-4242x958,2
11,Rachel Barry,taylorcheryl@yahoo.com,224-105-4772,1
12,Meghan Valentine,denise13@banks-smith.com,604-649-8864,1
13,Darlene Chan,leonardcolleen@thomas-lopez.com,+1-349-862-5088x6917,5
14,Ian Bernard,erikkent@sawyer.com,(006)916-9557x164,2
15,Evelyn Baker,pthompson@hotmail.com,(649)613-6541,2
16,Sarah Mcguire,brownbrandon@gmail.com,(198)251-2939x23033,5
17,Sandra Johnson,jeremy29@yahoo.com,179-380-1359x5532,3
18,Christopher Allen,ihiggins@gmail.com,(204)626-7171x75676,5
19,John Pierce,amber32@hotmail.com,877.247.2726,3
20,Ruben Oconnor,aprilreilly@hotmail.com,(576)100-5565x33889,1
21,Margaret Horton,thouse@hotmail.com,001-370-383-4201x3880,2
22,Michael Blanchard,umccormick@hotmail.com,+1-741-713-0138x00367,2
23,Sandra Peterson,joe46@brown.biz,644-102-8168x926,4
24,Lisa Gutierrez,robinsonanthony@becker.com,001-439-111-5955,4
25,Tyler Perez,jeremylambert@sawyer.biz,8637462561,3
26,Ashley Henry,mary07@pittman-hunt.com,487.257.4974,4
27,Mrs. Laura Wallace,branchmegan@brown-gomez.com,426-006-4646,4
28,Alyssa Nunez,megan77@brown-medina.com,001-948-243-7911x0946,5
29,Dawn Austin,allenkelly@robinson-george.net,955.570.7071,4
30,Michael Adams,laurajenkins@hotmail.com,200-928-0841x5035,3
31,Steven Keith,gcarrillo@hotmail.com,001-760-536-1352x633,4
32,Angel Cannon,tgreene@gmail.com,+1-133-854-5712x16422,4
33,Sharon White,jrodriguez@santiago.com,+1-092-097-5894x042,1
34,Timothy Estes,ushepherd@wang.com,837-115-0828x7649,5
35,Paula Kemp,ilopez@hotmail.com,(289)293-2750x220,5
36,Elizabeth Stephens,cpena@yahoo.com,(760)102-0959x697,2
37,Timothy Shields MD,freemankristin@gmail.com,581.372.6761,1
38,William Young,spencertrevor@hotmail.com,(138)510-5943,5
39,Jocelyn Sullivan,michaelalvarado@gmail.com,947-403-3899x051,2
40,Lisa Fuller,christine95@barrera.com,745-930-0558x589,3
41,Robert Diaz,michaelhill@gmail.com,825-647-3246x6451,5
42,Stephanie Hall,martinkeith@hotmail.com,853.916.0569x84968,4
43,Samuel Mitchell,cmartin@hotmail.com,693-803-5275x39158,2
44,Alyssa Ramirez,danielanderson@baker-wang.net,001-060-577-5821x25653,5
45,Carolyn White,victoriahernandez@yahoo.com,371.798.4018x4422,5
46,Danielle Webster,susan33@yahoo.com,+1-507-500-0401x677,5
47,Bobby Wilcox,josephbrown@hotmail.com,001-875-209-2627x09595,5
48,Kristin Hanson,smills@yahoo.com,001-762-595-6921x58182,2
49,George Scott,steelenatalie@hotmail.com,+1-958-643-2612,2
50,Jessica Reynolds,ybaker@hotmail.com,(519)700-2629,5
51,Matthew Clark,mlopez@berger.com,333-142-5030x928,2
52,Andrea Brown,fisherzachary@thompson.net,001-496-290-9113x24852,5
53,Willie Ward,phutchinson@gmail.com,(704)056-9398x02845,2
54,Jacqueline Mccoy,margaret81@page.net,969.004.6686x35000,2
55,Jason Ortiz,matthewfischer@gmail.com,(112)659-0911x11780,3
56,Sarah Herrera,swallace@gmail.com,+1-491-417-8618x5211,4
57,Jason Bird,bramos@scott.net,540.654.6239x6175,4
58,Mrs. Whitney Edwards DDS,reneemclaughlin@gmail.com,+1-582-626-3541x973,4
59,David Jones,romeroangela@yahoo.com,+1-547-237-7567x93662,3
60,Ashley Lee,michealalexander@diaz-barron.info,261.759.5086,2
61,William Cooper,heatherbennett@sanders.com,(615)726-7194x7201,1
62,Christina Thompson,xsmith@evans.org,+1-522-155-1967x8498,4
63,Benjamin Martin,billycunningham@hotmail.com,+1-932-484-2089x04687,3
64,Tony Allen,fwilson@hotmail.com,324.373.1915x5471,1
65,Taylor Smith,melinda08@gmail.com,770-304-8072,3
66,Martin Andrade,maldonadodamon@morgan.com,(347)726-3456x82741,1
67,Anna Hall,steelebrian@gmail.com,625.824.3330x551,4
68,Donald Williams,allenlarry@owens-guerrero.com,+1-125-142-9061,1
69,Walter Randolph,bergkaren@richardson.com,477.542.2164x02977,4
70,Ryan Foster,lberg@reyes.com,001-454-920-3178x57107,4
71,Frank Hall,edwardmoore@mercado.net,578-157-1870,2
72,Steven Weaver,elizabeth73@yahoo.com,+1-066-156-1090x4318,3
73,Andrew Becker,ylewis@schroeder.info,753-236-3900x203,3
74,Amy Mason,huffmancatherine@gmail.com,534-141-5928x7975,4
75,Robert Green,hernandezrobert@phillips-adams.com,+1-953-789-1111,2
76,Jennifer Lucas,william07@gmail.com,889-271-9927x6049,1
77,Elizabeth Garcia,gary24@patterson.org,001-292-242-6139x2389,1
78,Alexander Davis,xtran@hotmail.com,6852686474,3
79,Teresa Lee,douglas62@gmail.com,009.117.9376x84779,3
80,Jason Waller,janice01@schmidt.info,968-308-4950x362,4
81,Brian Franklin,gonzalezelizabeth@king-gibbs.com,3766382297,3
82,Hailey Long,william31@williamson.net,(798)463-9102x98637,5
83,Katie Garcia,perezangelica@gmail.com,(312)417-0122,1
84,Denise Marsh,santiagorenee@hughes.com,+1-834-789-4734x36006,3
85,Mark Ramsey,riverajacob@harper-holmes.com,001-485-357-2722,4
86,Amy Kelley,jose25@hotmail.com,+1-215-688-4892x6504,2
87,Rachel David,debbie72@yahoo.com,001-322-573-9865x099,2
88,David Rogers,hernandezmichaela@pope.biz,(440)136-7279,4
89,Jessica Lee,robertsonmichael@hotmail.com,663.423.0524,5
90,Jennifer Weeks,rbutler@leonard-haney.com,894-967-6486,1
91,Joseph Smith,brianturner@murphy.com,(171)877-9960,4
92,Karen Thornton,erin61@woods.com,+1-865-125-6096x3929,4
93,Melissa Yang,riveratamara@hotmail.com,800.414.7611x132,2
94,Eric Garrison,fmccormick@hotmail.com,(525)054-8972x0211,1
95,Michelle Ochoa,christophermckinney@gmail.com,727-564-2024x136,5
96,Justin Cooper,michellebaker@marshall.net,(115)523-7559x4231,4
97,April Hull,jeremiahjohnson@hotmail.com,(904)300-8615x9951,2
98,Rachel Howell,andrewkrause@yahoo.com,(983)387-8635,2
99,James White,danderson@hotmail.com,+1-501-119-9118x098,4
100,Jennifer Walker,jessicalarson@morris.com,001-510-750-8566x914,2
